name,date,pop,n_leq5,total_cases,zips,cases_lag,totalcases_last,totalcases_last_max,rate_last,rate_last_max,rate_last_ci_upper,rate_last_ci_lower,school_opening_status
A.C.G.C. Public School District,2020-08-20,71340,2,885,"55329, 55350, 55355, 56201, 56209, 56228, 56243, 56251, 56253, 56273, 56288, 56362",786,99,107,13.877207737594617,14.998598261844688,17.840537937800065,11.143572502482513,Elem In-Person / HS Hybrid
Ada-Borup Public School District,2020-08-20,5880,4,40,"56510, 56519, 56545, 56546, 56548, 56550, 56574, 56584",36,4,20,6.802721088435374,34.01360544217687,48.92072529217546,0.1360544217687076,All In-Person
Adrian Public School District,2020-08-20,6598,1,160,"56110, 56122, 56128, 56147, 56155, 56158, 56168, 56185",146,14,18,21.21855107608366,27.280994240678993,39.88417057707456,10.103594304218058,All Hybrid
Aitkin Public School District,2020-08-20,14910,4,39,"55752, 55785, 56342, 56431, 56441, 56447, 56469",28,11,27,7.377598926894701,18.108651911468815,24.93927481455734,3.017716573375866,All In-Person
Albany Public School District,2020-08-20,21670,1,151,"56307, 56310, 56331, 56362, 56368, 56376",129,22,26,10.152284263959391,11.998154130133825,16.61009609905023,5.909914679624402,Elem In-Person / HS Hybrid
Albert Lea Public School District,2020-08-20,55370,3,1438,"55912, 56007, 56009, 56016, 56026, 56029, 56036, 56042, 56043, 56045, 56089",1376,62,74,11.197399313707784,13.364637890554452,16.409708781542992,8.410139889278826,Elem In-Person / HS Hybrid
Alden-Conger Public School District,2020-08-20,24570,1,348,"56007, 56009, 56020, 56029, 56097",333,15,19,6.105006105006105,7.733007733007733,11.210192075433342,3.01544674051016,All In-Person
Alexandria Public School District,2020-08-20,43680,5,195,"56308, 56315, 56319, 56327, 56332, 56334, 56343, 56349, 56354, 56355, 56360, 56361, 56446",174,21,41,4.807692307692308,9.386446886446887,12.259643659653934,2.751408342006995,All In-Person
Annandale Public School District,2020-08-20,24830,0,131,"55302, 55320, 55321, 55358, 55382",118,13,13,5.235602094240838,5.235602094240838,8.081707813092798,2.389496375388877,All In-Person
Anoka-Hennepin Public School District,2020-08-20,439420,0,7145,"55011, 55303, 55304, 55316, 55327, 55369, 55374, 55429, 55430, 55432, 55433, 55434, 55443, 55444, 55445, 55448, 55449",6121,1024,1024,23.30344545082154,23.30344545082154,24.730781484684357,21.87610941695872,All Hybrid
Ashby Public School District,2020-08-20,6590,1,36,"56309, 56324, 56515, 56531",23,13,17,19.726858877086492,25.796661608497722,38.059616124750555,9.00321623685976,Elem In-Person / HS Hybrid
Austin Public School District,2020-08-20,53934,3,1430,"55912, 55917, 55950, 55953, 55970, 55982, 56007, 56036",1373,57,69,10.568472577594838,12.793414172877961,15.812100487877672,7.82480893441416,Elem In-Person / HS Hybrid
Badger Public School District,2020-08-20,8980,3,37,"56714, 56726, 56751, 56759, 56761",32,5,17,5.567928730512249,18.93095768374165,27.93016372629244,0.6874240134748467,All In-Person
Bagley Public School District,2020-08-20,21670,2,59,"56470, 56557, 56589, 56621, 56634, 56652, 56676, 56678",47,12,20,5.537609598523304,9.229349330872173,13.274290019288959,2.4044120139963088,All In-Person
Barnesville Public School District,2020-08-20,54569,3,829,"56514, 56525, 56547, 56549, 56560, 56572, 56579, 56580, 56594",790,39,51,7.146914915061665,9.345965658157562,11.911011695274606,4.903847225189969,All In-Person
Barnum Public School District,2020-08-20,10810,4,74,"55707, 55718, 55726, 55749, 55757, 55767",73,1,17,0.9250693802035153,15.72617946345976,23.20193064404312,0,All In-Person
Battle Lake Public School District,2020-08-20,13860,5,47,"56309, 56326, 56515, 56524, 56528, 56551, 56571, 56576, 56586, 56588",22,25,45,18.037518037518037,32.46753246753247,41.953881462986125,10.966810966810966,Elem In-Person / HS Hybrid
Becker Public School District,2020-08-20,61040,0,773,"55308, 55309, 55319, 55371, 56304",696,77,77,12.61467889908257,12.61467889908257,15.432328014300223,9.797029783864915,Elem In-Person / HS Hybrid
Belgrade-Brooten-Elrosa Public School District,2020-08-20,26791,1,325,"56273, 56289, 56312, 56316, 56325, 56334, 56352, 56378",299,26,30,9.704751595685117,11.1977903027136,15.204868100146038,5.974365179858215,All In-Person
Belle Plaine Public School District,2020-08-20,44180,0,451,"55315, 55322, 55338, 55352, 55368, 56011, 56044, 56071",407,44,44,9.95925758261657,9.95925758261657,12.902030144452956,7.01648502078018,All In-Person
Bemidji Public School District,2020-08-20,43810,5,294,"56461, 56601, 56630, 56633, 56647, 56652, 56667, 56671, 56676, 56678, 56683, 56687",223,71,91,16.206345583200182,20.771513353115726,25.03930799994799,12.436600421039568,Elem In-Person / HS Hybrid
Benson Public School District,2020-08-20,18290,2,138,"56215, 56226, 56231, 56244, 56249, 56260, 56265, 56271, 56381",107,31,39,16.949152542372882,21.323127392017497,28.015416116381008,10.98260352589019,Elem In-Person / HS Hybrid
Bertha-Hewitt Public School District,2020-08-20,22850,4,109,"56361, 56437, 56438, 56440, 56446, 56453, 56479, 56481, 56482, 56551",101,8,24,3.50109409190372,10.50328227571116,14.705470368363263,1.0749596654255875,All In-Person
Big Lake Public School District,2020-08-20,81510,0,566,"55308, 55309, 55330, 55398",474,92,92,11.286958655379708,11.286958655379708,13.593382354482378,8.980534956277038,Elem In-Person / HS Hybrid
Bird Island-Olivia-Lake Lillian Public School District,2020-08-20,14620,3,65,"55310, 55333, 55342, 56216, 56230, 56253, 56277, 56283",58,7,19,4.7879616963064295,12.995896032831737,18.839563563159864,1.2409900344140918,All In-Person
Blackduck Public School District,2020-08-20,38282,7,280,"56601, 56630, 56633, 56647, 56650, 56661, 56663, 56667, 56670, 56683",218,62,90,16.195601065775037,23.509743482576667,28.366906807844437,12.164188017067254,Elem In-Person / HS Hybrid
Blooming Prairie Public School District,2020-08-20,64110,3,1432,"55060, 55912, 55917, 55918, 55924, 55982, 56026, 56045",1351,81,93,12.634534394010295,14.506317267197005,17.45461792100237,9.883013570425831,Elem In-Person / HS Hybrid
Bloomington Public School District,2020-08-20,184210,1,3018,"55344, 55378, 55420, 55423, 55425, 55431, 55435, 55437, 55438, 55439, 55450",2596,422,426,22.90863688181966,23.125780359372452,25.321857889554238,20.72289389148356,All Hybrid
Blue Earth Area Public Schools,2020-08-20,9490,5,79,"56010, 56013, 56014, 56023, 56025, 56027, 56033, 56098",65,14,34,14.752370916754478,35.82718651211802,47.870037633189455,7.024606450919995,Elem In-Person / HS Hybrid
Braham Public School District,2020-08-20,30720,3,97,"55006, 55017, 55030, 55051, 55063, 55069, 55080, 56358",69,28,40,9.114583333333334,13.020833333333332,17.056031389277358,5.738494420776954,All In-Person
Brainerd Public School District,2020-08-20,67860,5,286,"56338, 56364, 56401, 56425, 56431, 56444, 56449, 56450, 56455, 56465, 56468, 56472",238,48,68,7.073386383731211,10.020630710285882,12.402383444211795,5.072313832693782,All In-Person
Brandon-Evansville Public Schools,2020-08-20,15150,4,68,"56309, 56311, 56315, 56326, 56327, 56332, 56339, 56343, 56361, 56515, 56531",46,22,38,14.521452145214521,25.082508250825086,33.05759171341201,8.453323505442956,Elem In-Person / HS Hybrid
Breckenridge Public School District,2020-08-20,23000,5,106,"56520, 56522, 56537, 56543, 56553, 56579, 56594",80,26,46,11.304347826086955,20,25.779724681271965,6.9590964145035406,Elem In-Person / HS Hybrid
Brooklyn Center School District,2020-08-20,22510,0,705,55430,616,89,89,39.53798311861395,39.53798311861395,47.75237806256373,31.323588174664177,Elem Hybrid / HS Distance
Browerville Public School District,2020-08-20,14150,2,392,"56319, 56347, 56438, 56440, 56443, 56446",381,11,19,7.773851590106007,13.42756183745583,19.465329985399098,3.1797988769635452,All In-Person
Browns Valley Public School District,2020-08-20,2810,2,17,"56211, 56219, 56296",8,9,17,32.02846975088968,60.49822064056939,89.25724920359649,11.103202846975089,Elem Hybrid / HS Distance
Buffalo-Hanover-Montrose Public Schools,2020-08-20,129670,0,1128,"55311, 55313, 55328, 55340, 55341, 55349, 55357, 55358, 55363, 55374, 55376, 55390",972,156,156,12.030539060692528,12.030539060692528,13.918438509579834,10.14263961180522,Elem In-Person / HS Hybrid
Buffalo Lake-Hector-Stewart Public Schools,2020-08-20,26160,3,133,"55310, 55312, 55314, 55335, 55342, 55350, 55385, 56228",93,40,52,15.290519877675841,19.87767584097859,25.28048967882983,10.551938674365426,Elem In-Person / HS Hybrid
Burnsville Public School District,2020-08-20,225360,0,3300,"55121, 55122, 55124, 55306, 55337, 55378, 55379",2763,537,537,23.828541001064963,23.828541001064963,25.843964789089693,21.81311721304023,All Hybrid
Butterfield Public School District,2020-08-20,5030,2,97,"56120, 56159, 56160, 56162, 56176",87,10,18,19.880715705765404,35.785288270377734,52.317248005474745,7.558520449443294,Elem In-Person / HS Hybrid
Byron Public School District,2020-08-20,109600,0,1212,"55901, 55902, 55920, 55944, 55955, 55960, 55963, 55976",1090,122,122,11.131386861313867,11.131386861313867,13.106652152708671,9.156121569919067,Elem In-Person / HS Hybrid
Caledonia Public School District,2020-08-20,11270,3,33,"55919, 55921, 55931, 55941, 55943, 55974",12,21,33,18.633540372670808,29.281277728482696,39.27182146159231,10.663843511878042,Elem In-Person / HS Hybrid
Cambridge-Isanti Public School District,2020-08-20,85315,1,396,"55008, 55017, 55029, 55032, 55040, 55056, 55079, 55080, 55371, 55398",310,86,90,10.080290687452381,10.549141417101332,12.728616613935424,7.949798716383804,Elem In-Person / HS Hybrid
Campbell-Tintah Public School District,2020-08-20,23586,3,122,"56274, 56296, 56520, 56522, 56537, 56543, 56565, 56583",91,31,43,13.143390146697193,18.231154074450945,23.680394940910677,8.516569935068752,Elem In-Person / HS Hybrid
Canby Public School District,2020-08-20,7220,5,34,"56136, 56218, 56220, 56257, 56264, 56280, 56291",34,0,20,0,27.700831024930746,39.84125550110689,0,All In-Person
Cannon Falls Public School District,2020-08-20,19690,2,124,"55009, 55018, 55027, 55031, 55065, 55089, 55946",104,20,28,10.15744032503809,14.220416455053327,19.48773242223118,5.705745824378275,Elem In-Person / HS Hybrid
Carlton Public School District,2020-08-20,28490,5,99,"55707, 55718, 55720, 55726, 55733, 55749, 55780, 55797",69,30,50,10.53001053001053,17.55001755001755,22.414634226485198,6.761894655282115,Elem In-Person / HS Hybrid
Cass Lake-Bena Public Schools,2020-08-20,40100,2,275,"56461, 56601, 56626, 56633, 56636, 56672",218,57,65,14.214463840399002,16.209476309226932,20.150130969243182,10.524270450590857,Elem In-Person / HS Hybrid
Cedar Mountain School District,2020-08-20,20270,4,75,"55310, 55332, 55333, 56085, 56087, 56224, 56266, 56270, 56283",62,13,29,6.413418845584608,14.306857424765665,19.514022211141405,2.927044647306651,All In-Person
Centennial Public School District,2020-08-20,139690,0,1299,"55014, 55038, 55110, 55126, 55449",1027,272,272,19.47168730760971,19.47168730760971,21.78575045492465,17.15762416029476,Elem In-Person / HS Hybrid
Central Public School District,2020-08-20,23020,1,149,"55322, 55338, 55339, 55360, 55367, 55368, 55397, 56011",126,23,27,9.99131190269331,11.728931364031277,16.153109795180274,5.907980110472229,All In-Person
Chatfield Public Schools,2020-08-20,49470,4,681,"55904, 55923, 55929, 55934, 55935, 55949, 55975, 55976, 55979, 55990",599,82,98,16.575702445926822,19.809985850010108,23.732162942340583,12.987961416868945,Elem In-Person / HS Hybrid
Chisago Lakes School District,2020-08-20,77210,0,389,"55012, 55013, 55025, 55045, 55056, 55073, 55074, 55079, 55084, 55092",314,75,75,9.713767646677892,9.713767646677892,11.912200222014635,7.515335071341148,All In-Person
Chisholm Public School District,2020-08-20,21360,1,43,"55710, 55719, 55746, 55781",28,15,19,7.022471910112359,8.895131086142321,12.89486981710661,3.468610787187951,All In-Person
Chokio-Alberta Public School District,2020-08-20,10160,2,28,"56207, 56221, 56227, 56235, 56236, 56267, 56278",18,10,18,9.84251968503937,17.716535433070867,25.90115723105689,3.7420627815649374,All In-Person
Clearbrook-Gonvick School District,2020-08-20,9590,1,20,"56542, 56621, 56634, 56644, 56646, 56652, 56684",12,8,12,8.342022940563087,12.51303441084463,19.592950120615225,2.561295970278903,All In-Person
Cleveland Public School District,2020-08-20,30040,0,339,"56017, 56028, 56050, 56057, 56058, 56063, 56082, 56096",239,100,100,33.28894806924101,33.28894806924101,39.81358189081225,26.764314247669777,Elem Hybrid / HS Distance
Climax-Shelly Public Schools,2020-08-20,10302,3,57,"56517, 56523, 56548, 56568, 56581, 56716, 56723",56,1,13,0.9706853038245001,12.618908949718502,19.478625994864508,0,All In-Person
Clinton-Graceville-Beardsley,2020-08-20,7730,3,45,"56210, 56211, 56219, 56221, 56225, 56236, 56240, 56278, 56296",28,17,29,21.992238033635186,37.51617076326002,51.17066367656355,11.53779168666156,All Hybrid
Clinton-Graceville-Beardsley-Wheaton-Sisseton/Wilmot (SD) in Browns Valley (9-12),2020-08-20,2810,2,17,"56211, 56219, 56296",8,9,17,32.02846975088968,60.49822064056939,89.25724920359649,11.103202846975089,Elem Hybrid / HS Distance
Cloquet Public School District,2020-08-20,27240,3,95,"55718, 55720, 55726, 55733, 55779, 55780",62,33,45,12.11453744493392,16.519823788546255,21.34657845363391,7.981151693386735,Elem In-Person / HS Hybrid
Colman-Egan School District 50-5,2020-08-20,5310,0,118,56164,103,15,15,28.248587570621467,28.248587570621467,42.544345308034906,13.952829833208028,All Hybrid
Columbia Heights Public School District,2020-08-20,56470,0,1372,"55421, 55432",1213,159,159,28.156543297326014,28.156543297326014,32.53314319414206,23.77994340050996,All Hybrid
Comfrey Public School District,2020-08-20,19395,4,332,"56019, 56022, 56081, 56083, 56085, 56087, 56118, 56120, 56159",295,37,53,19.07708172209332,27.326630574890437,34.683689292595936,12.930026007020103,Elem In-Person / HS Hybrid
Cook County Public Schools,2020-08-20,4970,4,8,"55604, 55605, 55606, 55612, 55613, 55615",4,4,20,8.048289738430583,40.24144869215292,57.878041190742806,0.1609657947686118,All In-Person
Cromwell-Wright Public Schools,2020-08-20,5740,4,22,"55707, 55726, 55757, 55780, 55787, 55798",21,1,17,1.7421602787456445,29.61672473867596,43.6956219968826,0,All In-Person
Crookston Public School District,2020-08-20,21720,3,159,"56517, 56523, 56716, 56721, 56722, 56723, 56750",138,21,33,9.668508287292818,15.193370165745856,20.37722964420559,5.533218986135614,All In-Person
Crosby-Ironton Public School District,2020-08-20,50450,4,240,"56401, 56431, 56441, 56442, 56444, 56447, 56448, 56455, 56465, 56468",189,51,67,10.109018830525272,13.2804757185332,16.460513663601585,7.334549113985335,Elem In-Person / HS Hybrid
Dassel-Cokato Public School District,2020-08-20,41180,0,202,"55302, 55321, 55324, 55325, 55349, 55350, 55382",149,53,53,12.870325400679942,12.870325400679942,16.335360704951388,9.405290096408496,Elem In-Person / HS Hybrid
Dawson-Boyd Public School District,2020-08-20,20060,4,150,"56208, 56218, 56220, 56223, 56232, 56256, 56264, 56265, 56291",126,24,40,11.964107676969093,19.940179461615152,26.11970509863412,7.177467701041846,Elem In-Person / HS Hybrid
Deer River Public School District,2020-08-20,11216,2,24,"55721, 56628, 56636, 56637, 56657, 56659, 56672, 56680, 56688",20,4,12,3.566333808844508,10.699001426533524,16.75253135312946,0.07132667617689023,All In-Person
Delano Public School District,2020-08-20,64420,0,473,"55313, 55328, 55340, 55357, 55359, 55363, 55373, 55388",414,59,59,9.158646383110835,9.158646383110835,11.495660612515131,6.82163215370654,All In-Person
Dell Rapids School District 49-3,2020-08-20,6350,0,130,"56144, 56164",114,16,16,25.196850393700785,25.196850393700785,37.54330708661418,12.850393700787402,All Hybrid
Detroit Lakes Public School District,2020-08-20,27556,3,152,"56501, 56511, 56521, 56544, 56569, 56575, 56577, 56578, 56587, 56589",137,15,27,5.4434605893453325,9.7982290608216,13.494142382241614,2.6886894474646037,All In-Person
Dilworth-Glyndon-Felton,2020-08-20,53870,4,803,"56514, 56519, 56529, 56536, 56546, 56547, 56549, 56560, 56580, 56585",764,39,55,7.239651011694821,10.209764247261926,12.908065534566083,4.967477988331007,All In-Person
Dover-Eyota Public School District,2020-08-20,44960,0,652,"55904, 55923, 55929, 55932, 55934, 55964, 55972",575,77,77,17.126334519572953,17.126334519572953,20.95171935037557,13.300949688770338,Elem In-Person / HS Hybrid
Duluth Public School District,2020-08-20,95640,1,571,"55724, 55802, 55803, 55804, 55805, 55806, 55807, 55808, 55810, 55811, 55812",373,198,202,20.70263488080301,21.120869928900042,24.03354600491026,17.818941377272925,All Hybrid
East Central School District,2020-08-20,14000,7,97,"55037, 55072, 55704, 55712, 55735, 55749, 55756, 55795, 56342",91,6,34,4.285714285714286,24.285714285714285,32.44904693849771,0.8564286458178368,All In-Person
East Grand Forks Public School District,2020-08-20,13460,2,104,"56721, 56722, 56723, 56762",87,17,25,12.630014858841012,18.573551263001484,25.85438335809807,6.626086904746944,Elem In-Person / HS Hybrid
Eastern Carver County Public Schools,2020-08-20,114320,0,1265,"55315, 55317, 55318, 55322, 55331, 55346, 55386, 55387",1060,205,205,17.932120363890835,17.932120363890835,20.386890245278313,15.477350482503354,Elem In-Person / HS Hybrid
Eden Prairie Public School District,2020-08-20,133310,0,1487,"55343, 55344, 55345, 55346, 55347, 55438, 55439",1311,176,176,13.202310404320757,13.202310404320757,15.152827121475232,11.251793687166279,Elem In-Person / HS Hybrid
Eden Valley-Watkins School District,2020-08-20,31850,0,253,"55329, 55355, 55389, 56243, 56320, 56362, 56368",223,30,30,9.419152276295133,9.419152276295133,12.789752630173078,6.048551922417189,All In-Person
Edgerton Public School District,2020-08-20,11092,4,228,"56122, 56128, 56134, 56144, 56147, 56151, 56153, 56155, 56164, 56186",205,23,39,20.735665344392356,35.160476018752256,46.195632957862294,12.26124253002801,All Hybrid
Edina Public School District,2020-08-20,142470,0,1813,"55344, 55410, 55416, 55424, 55435, 55436, 55437, 55438, 55439",1593,220,220,15.441847406471537,15.441847406471537,17.482382120405347,13.40131269253773,Elem In-Person / HS Hybrid
Elk River Public School District,2020-08-20,258240,0,2539,"55301, 55303, 55309, 55311, 55327, 55330, 55341, 55362, 55369, 55374, 55376, 55398",2127,412,412,15.954151177199504,15.954151177199504,17.494720218988594,14.413582135410412,Elem In-Person / HS Hybrid
Elkton School District 05-3 in Lake Benton (7-12),2020-08-20,8960,1,171,"56142, 56149, 56164, 56178",149,22,26,24.553571428571427,29.017857142857142,40.17196232884136,14.293286953957677,All Hybrid
Ellsworth Community School District,2020-08-20,17400,0,63,55066,44,19,19,10.919540229885056,10.919540229885056,15.829564327206736,6.009516132563379,Elem In-Person / HS Hybrid
Ellsworth Public School District,2020-08-20,9340,0,160,"56110, 56129, 56156, 56158, 56168",127,33,33,35.33190578158458,35.33190578158458,47.386876645839976,23.276934917329193,Elem Hybrid / HS Distance
Ely Public School District,2020-08-20,6110,2,4,"55706, 55731",4,0,8,0,13.093289689034371,22.166476537647352,0,All In-Person
Esko Public School District,2020-08-20,30600,1,114,"55718, 55720, 55733, 55810",65,49,53,16.013071895424837,17.320261437908496,21.98333836045419,11.529411764705882,Elem In-Person / HS Hybrid
Estherville Lincoln Central Community School District,2020-08-20,560,0,10,56121,10,0,0,0,0,0,0,All In-Person
Eveleth-Gilbert School District,2020-08-20,22847,2,27,"55705, 55708, 55732, 55734, 55741, 55751, 55763, 55792",18,9,17,3.939248041318335,7.440801855823522,10.977934532415903,1.3656059876570228,All In-Person
Fairmont Area School District,2020-08-20,17655,3,204,"56031, 56039, 56075, 56088, 56121, 56127, 56171, 56181",196,8,20,4.531294250920419,11.328235627301048,16.29305379314595,1.3912675363905227,All In-Person
Faribault Public School District,2020-08-20,69180,3,1192,"55018, 55019, 55021, 55046, 55049, 55052, 55053, 55057, 55087, 55946, 56052, 56069",1098,94,106,13.587742122000577,15.322347499277246,18.23929388209519,10.840863682990458,Elem In-Person / HS Hybrid
Farmington Public School District,2020-08-20,135800,0,1172,"55024, 55031, 55033, 55044, 55057",950,222,222,16.34756995581738,16.34756995581738,18.49803698633819,14.197102925296567,Elem In-Person / HS Hybrid
Fergus Falls Public School District,2020-08-20,22580,3,81,"56324, 56522, 56533, 56534, 56537, 56579, 56586",56,25,37,11.071744906997344,16.386182462356068,21.666171195475865,6.731620903454384,Elem In-Person / HS Hybrid
Fertile-Beltrami School District,2020-08-20,15120,5,89,"56510, 56516, 56517, 56535, 56540, 56545, 56592, 56716, 56736",79,10,30,6.613756613756613,19.841269841269842,26.94137706818866,2.514507795019826,All In-Person
Fillmore Central,2020-08-20,17540,4,70,"55922, 55923, 55935, 55939, 55949, 55951, 55965, 55975, 55990",59,11,27,6.271379703534778,15.393386545039908,21.19980544384549,2.5652311350646615,All In-Person
Fisher Public School District,2020-08-20,19220,2,133,"56523, 56716, 56721, 56722, 56723",114,19,27,9.885535900104058,14.04786680541103,19.346752730751817,5.440456852580789,All In-Person
Flandreau School District 50-3,2020-08-20,6350,0,130,"56144, 56164",114,16,16,25.196850393700785,25.196850393700785,37.54330708661418,12.850393700787402,All Hybrid
Floodwood Public School District,2020-08-20,3830,5,35,"55702, 55711, 55736, 55752, 55765, 55798",34,1,21,2.610966057441253,54.83028720626632,78.28158841282885,0,All In-Person
Foley Public School District,2020-08-20,71120,3,828,"55319, 55371, 56304, 56329, 56330, 56338, 56357, 56364, 56367, 56379",765,63,75,8.858267716535433,10.545556805399325,12.932240989057226,6.670835530222189,All In-Person
Forest Lake Public School District,2020-08-20,205440,0,1396,"55005, 55011, 55013, 55014, 55025, 55038, 55045, 55047, 55073, 55079, 55082, 55092, 55304",1101,295,295,14.35942367601246,14.35942367601246,15.998058095460602,12.72078925656432,Elem In-Person / HS Hybrid
Fosston Public School District,2020-08-20,11240,5,28,"56516, 56542, 56556, 56592, 56621, 56634, 56644, 56646, 56651, 56684",20,8,28,7.117437722419929,24.91103202846975,34.13820741937117,2.1853050137877825,All In-Person
Franconia Public School District,2020-08-20,12620,0,48,"55045, 55073, 55074",42,6,6,4.754358161648177,4.754358161648177,8.558637001469911,0.9500793218264434,All In-Person
Frazee-Vergas Public School District,2020-08-20,33478,2,142,"56464, 56501, 56544, 56570, 56573, 56575, 56578, 56587, 56593",123,19,27,5.675368898978434,8.064997909074616,11.107132668769042,3.123411813925647,All In-Person
Fridley Public School District,2020-08-20,56470,0,1372,"55421, 55432",1213,159,159,28.156543297326014,28.156543297326014,32.53314319414206,23.77994340050996,All Hybrid
Fulda Public School District,2020-08-20,24100,1,1779,"56114, 56119, 56131, 56137, 56141, 56165, 56172, 56183, 56185, 56187",1726,53,57,21.991701244813278,23.651452282157678,29.79156659466003,16.07094797386315,All Hybrid
G.F.W.,2020-08-20,27830,4,99,"55312, 55314, 55332, 55333, 55335, 55342, 55385, 55396, 56054, 56073",83,16,32,5.749191519942508,11.498383039885017,15.482369503774727,2.9320876751706795,All In-Person
Glencoe-Silver Lake School District,2020-08-20,51018,2,370,"55307, 55312, 55321, 55334, 55336, 55338, 55350, 55354, 55366, 55367, 55368, 55370, 55381, 55385, 55395",236,134,142,26.265239719314753,27.833313732408172,32.41132454508477,21.818056307681832,All Hybrid
Glenville-Emmons School District,2020-08-20,50930,2,1409,"55912, 56007, 56009, 56029, 56036, 56043",1352,57,65,11.19183192617318,12.762615354408013,15.865310266378394,8.286338996047384,Elem In-Person / HS Hybrid
Goodhue Public School District,2020-08-20,37200,1,160,"55009, 55027, 55041, 55066, 55956",126,34,38,9.13978494623656,10.215053763440862,13.4629708187686,6.06756298013527,All In-Person
Goodridge Public School District,2020-08-20,15278,3,80,"56684, 56701, 56724, 56725, 56727, 56737, 56742",78,2,14,1.3090718680455555,9.16350307631889,13.963639532711694,0,All In-Person
Grafton Public School District 3,2020-08-20,490,1,2,56744,2,0,4,0,81.6326530612245,161.6326530612245,0,All In-Person
Granada-Huntley-East Chain,2020-08-20,20745,0,245,"56013, 56027, 56031, 56039, 56047, 56088, 56098",225,20,20,9.640877319836106,9.640877319836106,13.86617810161445,5.415576538057761,All In-Person
Grand Meadow Public School District,2020-08-20,7870,2,63,"55926, 55933, 55936, 55961, 55967, 55975",52,11,19,13.97712833545108,24.142312579415503,34.99802024058415,5.717173330245764,Elem In-Person / HS Hybrid
Grand Rapids Public School District,2020-08-20,43805,8,150,"55709, 55721, 55722, 55723, 55736, 55744, 55748, 55752, 55769, 55781, 55784, 55793, 56628, 56630, 56636, 56639, 56657, 56659, 56661, 56680, 56681, 56688",123,27,59,6.163679945211734,13.468782102499715,16.905614807858115,3.8387264585081615,All In-Person
Greenbush-Middle River School District,2020-08-20,17708,3,86,"56701, 56714, 56724, 56726, 56732, 56734, 56735, 56737, 56759",80,6,18,3.38829907386492,10.164897221594758,14.860840155158007,0.6770951570730583,All In-Person
Greenway Public School District,2020-08-20,26658,2,128,"55709, 55716, 55722, 55744, 55764, 55769, 55775, 55786",111,17,25,6.377072548578288,9.378047865556306,13.054242628854377,3.3456046866941955,All In-Person
Grygla Public School District,2020-08-20,2828,3,6,"56724, 56725, 56727, 56737, 56761",6,0,12,0,42.43281471004243,66.44143976545261,0,All In-Person
Hancock Public School District,2020-08-20,10780,1,25,"56226, 56231, 56244, 56249, 56267, 56381",16,9,13,8.348794063079778,12.059369202226346,18.614916975797232,2.8942486085343226,All In-Person
Hastings Public School District,2020-08-20,107641,2,1022,"55001, 55009, 55016, 55031, 55033, 55065, 55068, 55085, 55089",824,198,206,18.394477940561682,19.137689170483366,21.75112570349944,15.832290236270403,Elem In-Person / HS Hybrid
Hawley Public School District,2020-08-20,10280,0,61,"56547, 56549, 56552, 56554",60,1,1,0.972762645914397,0.972762645914397,2.8793774319066148,0,All In-Person
Hayfield Public School District,2020-08-20,63980,3,1323,"55912, 55917, 55918, 55920, 55924, 55926, 55927, 55940, 55944, 55973, 55976, 55982",1239,84,96,13.12910284463895,15.004688965301657,18.00625188862459,10.321397823659442,Elem In-Person / HS Hybrid
Hendricks Public School District,2020-08-20,5560,3,20,"56136, 56142, 56149, 56220",15,5,17,8.992805755395684,30.575539568345324,45.11022846440758,1.1102639642093748,All In-Person
Henning Public School District,2020-08-20,10340,5,23,"56361, 56515, 56524, 56527, 56551, 56571, 56588",16,7,27,6.769825918762089,26.11218568665377,35.96175894439555,1.7546686946938128,All In-Person
Herman-Norcross School District,2020-08-20,6514,2,57,"56221, 56235, 56248, 56274, 56296, 56311, 56531",48,9,17,13.81639545594105,26.09763586122198,38.50366445534328,4.789683758059564,Elem In-Person / HS Hybrid
Hermantown Public School District,2020-08-20,46450,0,247,"55803, 55810, 55811, 55814",146,101,101,21.743810548977397,21.743810548977397,25.984446978987503,17.50317411896729,All Hybrid
Heron Lake-Okabena-Fulda-Worthington in Round Lake-Brewster (9-12),2020-08-20,18650,0,1712,"56119, 56131, 56161, 56167, 56187",1674,38,38,20.37533512064343,20.37533512064343,26.85375412644461,13.896916114842258,All Hybrid
Heron Lake-Okabena School District,2020-08-20,22290,0,1747,"56119, 56131, 56137, 56150, 56161, 56167, 56187",1702,45,45,20.18842530282638,20.18842530282638,26.08707030403713,14.28978030161563,All Hybrid
Hibbing Public School District,2020-08-20,25110,2,45,"55703, 55719, 55736, 55738, 55746, 55768, 55781",30,15,23,5.973715651135006,9.159697331740343,12.9031580189936,2.9505984235099416,All In-Person
Hill City Public School District,2020-08-20,2640,3,12,"55748, 55752, 55785, 56469",8,4,16,15.151515151515152,60.60606060606061,90.30303030303031,0.3030303030303033,Elem In-Person / HS Hybrid
Hills-Beaver Creek School District,2020-08-20,7360,2,66,"56116, 56138, 56156, 56173",54,12,20,16.304347826086957,27.17391304347826,39.08340553233584,7.079294611861415,Elem In-Person / HS Hybrid
Hinckley-Finlayson School District,2020-08-20,27750,4,77,"55007, 55030, 55037, 55051, 55063, 55072, 55735, 56350",60,17,33,6.126126126126127,11.891891891891893,15.949312716113345,3.213950621185364,All In-Person
Holdingford Public School District,2020-08-20,30480,1,252,"56307, 56310, 56314, 56331, 56340, 56367, 56374, 56375",227,25,29,8.202099737532809,9.514435695538058,12.977336949469693,4.986876640419948,All In-Person
Hopkins Public School District,2020-08-20,292750,0,4828,"55305, 55343, 55344, 55345, 55346, 55391, 55405, 55411, 55416, 55422, 55426, 55427, 55436, 55439, 55441",4284,544,544,18.582408198121264,18.582408198121264,20.143967988235254,17.020848408007268,Elem In-Person / HS Hybrid
Houston Public School District,2020-08-20,21070,2,76,"55921, 55925, 55941, 55943, 55947, 55971, 55974",48,28,36,13.289036544850498,17.0859041290935,22.667299477930705,8.366708524265212,Elem In-Person / HS Hybrid
Howard Lake-Waverly-Winsted,2020-08-20,31830,0,206,"55302, 55321, 55349, 55358, 55363, 55381, 55390, 55395",177,29,29,9.110901665095822,9.110901665095822,12.426931518059575,5.794871812132069,All In-Person
Hutchinson Public School District,2020-08-20,42300,0,287,"55324, 55325, 55336, 55350, 55355, 55381, 55385",169,118,118,27.895981087470453,27.895981087470453,32.929326185047856,22.862635989893047,All Hybrid
International Falls School District,2020-08-20,9659,1,84,"56649, 56653, 56668, 56669",75,9,13,9.317734755150637,13.458950201884253,20.775318873495618,3.2301480484522207,All In-Person
Inver Grove Heights Schools,2020-08-20,110090,0,1579,"55068, 55075, 55076, 55077, 55118",1322,257,257,23.344536288491238,23.344536288491238,26.198672931427698,20.490399645554767,All Hybrid
Isle Public School District,2020-08-20,14480,1,51,"55051, 56342, 56350, 56359, 56386",39,12,16,8.287292817679559,11.049723756906078,16.464088397790057,3.598315493321824,All In-Person
Ivanhoe Public School District,2020-08-20,8670,5,48,"56113, 56136, 56142, 56149, 56220, 56264, 56280, 56291",43,5,25,5.767012687427912,28.835063437139564,40.13840830449827,0.7120031881204296,All In-Person
Jackson County Central School District,2020-08-20,19130,2,279,"56101, 56111, 56137, 56143, 56150, 56159, 56160, 56161, 56167, 56171",254,25,33,13.068478829064297,17.25039205436487,23.13609136812051,7.945635128071093,Elem In-Person / HS Hybrid
Janesville-Waldorf-Pemberton,2020-08-20,31580,1,289,"56024, 56028, 56048, 56063, 56065, 56068, 56072, 56078, 56091, 56093, 56097",224,65,69,20.582647245091827,21.849271690943638,27.00474438610495,15.578839396242827,All Hybrid
Jordan Public School District,2020-08-20,110430,0,1415,"55020, 55352, 55372, 55379, 56011, 56071",1209,206,206,18.654351172688582,18.654351172688582,21.20178322784011,16.10691911753705,Elem In-Person / HS Hybrid
Kasson-Mantorville School District,2020-08-20,31340,0,224,"55920, 55927, 55940, 55944, 55955, 55963, 55985",185,39,39,12.444160816847479,12.444160816847479,16.349775391468047,8.53854624222691,Elem In-Person / HS Hybrid
Kelliher Public School District,2020-08-20,5972,3,29,"56630, 56650, 56661, 56666, 56670, 56685",17,12,24,20.093770931011385,40.18754186202277,56.26590721987618,8.724649756078367,All Hybrid
Kenyon-Wanamingo School District,2020-08-20,58290,2,1078,"55009, 55018, 55021, 55027, 55049, 55053, 55946, 55963, 55983, 55985, 55992",995,83,91,14.239149082175329,15.611597186481387,18.81921570557079,11.175767744875136,Elem In-Person / HS Hybrid
Kerkhoven-Murdock-Sunburg,2020-08-20,11980,2,93,"56215, 56252, 56260, 56271, 56279, 56282, 56289, 56316",78,15,23,12.520868113522537,19.198664440734557,27.044933043149356,6.184434592181522,Elem In-Person / HS Hybrid
Kimball Public School District,2020-08-20,39840,0,1089,"55320, 55353, 55382, 55389, 56301",1054,35,35,8.785140562248996,8.785140562248996,11.695661740681539,5.874619383816455,All In-Person
Kingsland Public School District,2020-08-20,16780,3,113,"55935, 55961, 55965, 55967, 55975, 55976, 55990",97,16,28,9.535160905840286,16.6865315852205,22.867309379841,4.862932061978546,All In-Person
Kittson Central School District,2020-08-20,2912,3,6,"56720, 56728, 56731, 56733, 56734, 56735, 56755",6,0,12,0,41.20879120879121,64.5248597722184,0,All In-Person
La Crescent-Hokah School District,2020-08-20,17240,1,70,"55919, 55921, 55925, 55941, 55943, 55947",39,31,35,17.981438515081205,20.301624129930392,27.027561702363833,11.651497592142201,Elem In-Person / HS Hybrid
Lac Qui Parle Valley School District,2020-08-20,19520,4,128,"56207, 56208, 56212, 56220, 56221, 56227, 56231, 56232, 56249, 56256, 56257, 56262, 56265, 56295",106,22,38,11.27049180327869,19.4672131147541,25.65689110953852,6.560853028046147,Elem In-Person / HS Hybrid
Lake Benton Public School District,2020-08-20,8960,1,171,"56142, 56149, 56164, 56178",149,22,26,24.553571428571427,29.017857142857142,40.17196232884136,14.293286953957677,All Hybrid
Lake City Public School District,2020-08-20,31730,2,117,"55026, 55041, 55066, 55945, 55957, 55981, 55991",87,30,38,9.454774661203908,11.976047904191617,15.783880064865805,6.0714270005984075,All In-Person
Lake Crystal-Wellcome Memorial,2020-08-20,46980,2,1090,"56001, 56010, 56021, 56034, 56037, 56055, 56062, 56090",891,199,207,42.358450404427415,44.06130268199234,50.06374826672601,36.47313696889206,Elem Hybrid / HS Distance
Lake of the Woods School District,2020-08-20,3860,3,6,"56623, 56673, 56686",4,2,14,5.181347150259067,36.26943005181347,55.268519373256275,0,All In-Person
Lake Park Audubon School District,2020-08-20,31100,1,250,"56501, 56511, 56521, 56549, 56552, 56554, 56572, 56585",234,16,20,5.144694533762058,6.430868167202573,9.249320408938642,2.6237942122186495,All In-Person
Lake Superior Public School District,2020-08-20,47233,5,170,"55601, 55602, 55603, 55607, 55609, 55614, 55616, 55731, 55750, 55763, 55803, 55804",113,57,77,12.067833929667817,16.302161624288104,19.94345694732254,8.934923571839462,Elem In-Person / HS Hybrid
Lakeview School District,2020-08-20,21370,0,392,"56229, 56237, 56241, 56245, 56258, 56297",379,13,13,6.083294337856809,6.083294337856809,9.390210809503705,2.776377866209912,All In-Person
Lakeville Public School District,2020-08-20,142440,0,1446,"55020, 55024, 55044, 55054, 55088, 55306, 55372",1203,243,243,17.059814658803706,17.059814658803706,19.20481439522009,14.914814922387322,Elem In-Person / HS Hybrid
Lancaster Public School District,2020-08-20,2395,2,4,"56728, 56731, 56734, 56735",4,0,8,0,33.40292275574113,56.549967283935416,0,All In-Person
Lanesboro Public School District,2020-08-20,12550,5,31,"55922, 55923, 55935, 55949, 55954, 55962, 55965, 55979",24,7,27,5.577689243027889,21.513944223107572,29.62905079562151,1.4456792273413563,All In-Person
Laporte Public School District,2020-08-20,5401,3,14,"56436, 56458, 56461, 56467",8,6,18,11.109053878911313,33.32716163673394,48.72352480420996,2.2199594596277943,Elem In-Person / HS Hybrid
Le Sueur-Henderson School District,2020-08-20,32530,0,316,"55338, 56011, 56044, 56057, 56058, 56082",220,96,96,29.51122041192745,29.51122041192745,35.414694000436555,23.607746823418346,All Hybrid
LeRoy-Ostrander Public Schools,2020-08-20,9770,2,55,"55936, 55951, 55961, 55965, 55975, 55977",47,8,16,8.18833162743091,16.37666325486182,24.401228249744115,2.5141073034774486,All In-Person
Lester Prairie Public School District,2020-08-20,18390,1,173,"55336, 55354, 55370, 55381, 55395, 55397",93,80,84,43.50190320826536,45.67699836867863,55.445185820678034,33.969128361284206,Elem Hybrid / HS Distance
Lewiston-Altura Public School District,2020-08-20,41450,3,288,"55910, 55952, 55959, 55969, 55971, 55972, 55979, 55987",248,40,52,9.650180940892641,12.545235223160436,15.95506899875002,6.659558883507829,All In-Person
Litchfield Public School District,2020-08-20,43640,0,208,"55324, 55325, 55329, 55350, 55353, 55355, 55382, 55389, 56243",163,45,45,10.311640696608615,10.311640696608615,13.324491225412181,7.298790167805049,Elem In-Person / HS Hybrid
Little Falls Public School District,2020-08-20,29910,4,130,"56314, 56328, 56345, 56364, 56373, 56382, 56438, 56443, 56449, 56475",112,18,34,6.018054162487463,11.367435640254097,15.188453933098225,3.237854982696825,All In-Person
Littlefork-Big Falls School District,2020-08-20,9693,0,82,"56627, 56649, 56653, 56654, 56658, 56669",73,9,9,9.285051067780874,9.285051067780874,15.351284432064375,3.2188177034973693,All In-Person
Long Prairie-Grey Eagle School District,2020-08-20,27040,2,492,"56318, 56331, 56336, 56347, 56360, 56378, 56382, 56438, 56446",477,15,23,5.547337278106509,8.505917159763314,11.982185571632002,2.739997278636636,All In-Person
Luverne Public School District,2020-08-20,12341,2,184,"56110, 56128, 56129, 56134, 56144, 56146, 56147, 56156, 56158, 56173",149,35,43,28.360748723766307,34.84320557491289,45.257742085432234,18.96481940290475,All Hybrid
Lyle Public School District,2020-08-20,30960,1,1089,"55912, 55953, 55970, 56036",1047,42,46,13.565891472868216,14.857881136950905,19.151604252882922,9.46309697387616,Elem In-Person / HS Hybrid
Lynd Public School District,2020-08-20,18020,0,394,"56157, 56169, 56239, 56258, 56264",380,14,14,7.769145394006659,7.769145394006659,11.838872629343465,3.699418158669853,All In-Person
Mabel-Canton Public School District,2020-08-20,7860,4,17,"55922, 55939, 55949, 55954, 55962, 55974",14,3,19,3.816793893129771,24.173027989821882,35.04254698389278,0,All In-Person
MACCRAY School District,2020-08-20,45320,2,822,"56201, 56222, 56241, 56252, 56260, 56265, 56271, 56279, 56281, 56282, 56284, 56285",739,83,91,18.314210061782877,20.07943512797882,24.205032733400735,14.374128460917293,Elem In-Person / HS Hybrid
Madelia Public School District,2020-08-20,14430,1,405,"56041, 56055, 56060, 56062, 56081, 56090",301,104,108,72.07207207207207,74.84407484407485,88.95974878517671,58.220265770420156,All Distance
Mahnomen Public School District,2020-08-20,12610,6,43,"56516, 56542, 56545, 56557, 56566, 56589, 56592, 56621, 56651",32,11,35,8.72323552735924,27.755749405233942,36.95124216881462,3.5681327604309403,All In-Person
Mahtomedi Public School District,2020-08-20,140573,1,1328,"55038, 55042, 55082, 55090, 55110, 55115, 55128",1016,312,316,22.194873837792464,22.479423502379547,24.957973587806844,19.732060737410087,All Hybrid
Mankato Public School District,2020-08-20,72880,0,1365,"56001, 56003, 56024, 56037, 56050, 56055, 56063, 56082",1169,196,196,26.893523600439078,26.893523600439078,30.65861690450055,23.12843029637761,All Hybrid
Manvel Public School District 125,2020-08-20,490,1,2,56744,2,0,4,0,81.6326530612245,161.6326530612245,0,All In-Person
Maple Lake Public School District,2020-08-20,56270,0,431,"55302, 55313, 55349, 55358, 55362",365,66,66,11.729162964279366,11.729162964279366,14.558932872416294,8.899393056142442,Elem In-Person / HS Hybrid
Maple River School District,2020-08-20,48290,3,938,"56001, 56010, 56023, 56025, 56037, 56065, 56068, 56088, 56090, 56097",820,118,130,24.435700973286394,26.92068751294264,31.548444467165684,20.026703300320477,All Hybrid
Marshall-Minneota-RTR Public Schools in Lynd (9-12),2020-08-20,18020,0,394,"56157, 56169, 56239, 56258, 56264",380,14,14,7.769145394006659,7.769145394006659,11.838872629343465,3.699418158669853,All In-Person
Marshall-Tracy Public Schools in Milroy (9-12),2020-08-20,19410,3,376,"56175, 56180, 56255, 56258, 56263, 56292",362,14,26,7.2127769191138595,13.395157135497167,18.544089771582613,3.434493313716164,All In-Person
Marshall County Central Schools,2020-08-20,15420,1,76,"56701, 56713, 56737, 56738, 56758, 56760",74,2,6,1.297016861219196,3.891050583657588,7.004539491475375,0,All In-Person
Marshall Public School District,2020-08-20,21760,1,418,"56175, 56229, 56239, 56258, 56263, 56264",404,14,18,6.4338235294117645,8.272058823529411,12.093555030677296,3.063580662648472,All In-Person
Martin County West School District,2020-08-20,17460,4,203,"56031, 56088, 56127, 56160, 56162, 56171, 56176, 56181",193,10,26,5.72737686139748,14.891179839633446,20.615165089714694,2.177511904965622,All In-Person
McGregor Public School District,2020-08-20,18360,5,45,"55735, 55752, 55760, 55783, 55787, 55798, 56342, 56350, 56431, 56469",38,7,27,3.812636165577342,14.705882352941176,20.25297317456699,0.9881957681445546,All In-Person
Medford Public School District,2020-08-20,72050,0,1384,"55021, 55049, 55052, 55060, 55985, 56093",1244,140,140,19.430950728660655,19.430950728660655,22.649692262283207,16.2122091950381,Elem In-Person / HS Hybrid
Melrose Public School District,2020-08-20,30206,2,362,"56307, 56312, 56318, 56331, 56335, 56336, 56352, 56356, 56362, 56378",323,39,47,12.911342117460107,15.559822551810898,20.00830398489904,8.859102139687193,Elem In-Person / HS Hybrid
Menahga Public School District,2020-08-20,21368,0,45,"56464, 56470, 56477, 56544, 56570, 56593",33,12,12,5.615874204417821,5.615874204417821,8.793354158400412,2.438394250435231,All In-Person
Mesabi East School District,2020-08-20,32207,4,102,"55705, 55708, 55724, 55732, 55734, 55741, 55750, 55763, 55803",66,36,52,11.177694290061167,16.14555841897724,20.5339711863318,7.526314155307853,Elem In-Person / HS Hybrid
Milaca Public School District,2020-08-20,40504,4,165,"55371, 56313, 56329, 56330, 56338, 56353, 56357, 56358, 56359, 56363",142,23,39,5.678451510961881,9.62867864902232,12.650650818897113,3.3577350914248147,All In-Person
Milroy Public School District,2020-08-20,19410,3,376,"56175, 56180, 56255, 56258, 56263, 56292",362,14,26,7.2127769191138595,13.395157135497167,18.544089771582613,3.434493313716164,All In-Person
Minneapolis Public School District,2020-08-20,483120,1,11228,"55401, 55402, 55403, 55404, 55405, 55406, 55407, 55408, 55409, 55410, 55411, 55412, 55413, 55414, 55415, 55416, 55417, 55418, 55419, 55421, 55422, 55423, 55430, 55450, 55454, 55455",9968,1260,1264,26.080476900149034,26.16327206491141,27.605635126505923,24.64039786700506,All Hybrid
Minneota-Ivanhoe Public School Districts in Ivanhoe (7-12),2020-08-20,8670,5,48,"56113, 56136, 56142, 56149, 56220, 56264, 56280, 56291",43,5,25,5.767012687427912,28.835063437139564,40.13840830449827,0.7120031881204296,All In-Person
Minneota Public School District,2020-08-20,22210,2,424,"56142, 56157, 56223, 56229, 56239, 56258, 56264, 56280, 56291",408,16,24,7.203962179198559,10.805943268797838,15.12922097780732,3.674020711391265,All In-Person
Minnetonka Public School District,2020-08-20,134420,0,1405,"55317, 55318, 55331, 55345, 55346, 55364, 55391",1229,176,176,13.093289689034371,13.093289689034371,15.027699624786962,11.158879753281779,Elem In-Person / HS Hybrid
Minnewaska School District,2020-08-20,40290,2,209,"56215, 56244, 56308, 56316, 56327, 56334, 56349, 56381, 56385",183,26,34,6.453214197071233,8.438818565400844,11.275419636112384,3.9726785190762333,All In-Person
Minto Public School District 20,2020-08-20,490,1,2,56744,2,0,4,0,81.6326530612245,161.6326530612245,0,All In-Person
Montevideo Public School District,2020-08-20,12850,1,125,"56218, 56223, 56241, 56265, 56295",101,24,28,18.677042801556418,21.78988326848249,29.860968980056963,11.20466942279373,Elem In-Person / HS Hybrid
Monticello Public School District,2020-08-20,136950,0,1119,"55301, 55309, 55313, 55320, 55330, 55358, 55362, 55376",920,199,199,14.530850675428988,14.530850675428988,16.54977747500147,12.511923875856507,Elem In-Person / HS Hybrid
Moorhead Public School District,2020-08-20,44310,2,750,"56529, 56536, 56546, 56547, 56560, 56580",711,39,47,8.801624915368992,10.607086436470322,13.63960347930175,6.039224536930521,All In-Person
Moose Lake Public School District,2020-08-20,9610,3,82,"55707, 55749, 55756, 55757, 55767, 55783",79,3,15,3.1217481789802286,15.608740894901144,23.50785365095373,0,All In-Person
Mora Public School District,2020-08-20,23950,4,65,"55006, 55007, 55030, 55037, 55051, 56342, 56358",41,24,40,10.020876826722338,16.701461377870565,21.877297882196263,6.01169110993317,Elem In-Person / HS Hybrid
Morris Area Public Schools,2020-08-20,13970,5,52,"56221, 56235, 56244, 56248, 56267, 56323, 56327, 56343, 56381",42,10,30,7.158196134574087,21.47458840372226,29.159171171869186,2.7215002047745,All In-Person
Mounds View Public School District,2020-08-20,231110,0,3263,"55038, 55112, 55113, 55126, 55127, 55418, 55432, 55449",2785,478,478,20.68279174419108,20.68279174419108,22.53696913910207,18.828614349280087,All Hybrid
Mountain Iron-Buhl School District,2020-08-20,34763,2,48,"55703, 55710, 55713, 55734, 55746, 55751, 55758, 55768, 55792",34,14,22,4.027270373673158,6.32856773005782,8.973107870222341,1.9176571417665549,All In-Person
Mountain Lake Public Schools,2020-08-20,9750,2,214,"56101, 56118, 56120, 56159, 56160",204,10,18,10.256410256410257,18.46153846153846,26.990334099234662,3.8994213190461293,Elem In-Person / HS Hybrid
Murray County Central School District,2020-08-20,12750,4,186,"56114, 56115, 56122, 56123, 56128, 56131, 56132, 56141, 56151, 56155, 56172, 56183, 56186",168,18,34,14.11764705882353,26.666666666666664,35.63032605011513,7.595626865291139,Elem In-Person / HS Hybrid
Nashwauk-Keewatin School District,2020-08-20,25094,4,88,"55709, 55736, 55742, 55746, 55753, 55769, 55775, 55781, 55793",72,16,32,6.376026141707181,12.752052283414361,17.17041297880173,3.251773332270662,All In-Person
Nett Lake Public School District,2020-08-20,2968,1,13,"55771, 55772, 56639, 56653",8,5,9,16.846361185983827,30.32345013477089,50.13477088948787,2.0798745421172926,Elem In-Person / HS Hybrid
Nevis Public School District,2020-08-20,19420,2,36,"56433, 56461, 56464, 56467, 56470",25,11,19,5.664263645726056,9.783728115345005,14.183028799865975,2.3168977399090713,All In-Person
New London-Spicer School District,2020-08-20,36850,1,707,"56201, 56251, 56273, 56279, 56288, 56289, 56312",654,53,57,14.382632293080055,15.468113975576662,19.483765398407236,10.510443586705613,Elem In-Person / HS Hybrid
New Prague Area Schools,2020-08-20,155860,0,1558,"55020, 55044, 55046, 55054, 55057, 55088, 55352, 55372, 56011, 56057, 56069, 56071",1281,277,277,17.772359810085977,17.772359810085977,19.86532152413081,15.679398096041144,Elem In-Person / HS Hybrid
New Ulm Public School District,2020-08-20,35450,2,310,"55332, 55335, 56021, 56041, 56054, 56055, 56062, 56073, 56074, 56085",209,101,109,28.49083215796897,30.747531734837796,36.51988737869243,22.93434239283584,All Hybrid
New York Mills Public School District,2020-08-20,26780,3,59,"56464, 56482, 56518, 56527, 56544, 56567, 56571, 56573",46,13,25,4.854368932038835,9.335324869305452,12.994772218073187,2.2155039208702694,All In-Person
Nicollet Public School District,2020-08-20,47180,0,494,"56003, 56021, 56055, 56073, 56074, 56082",411,83,83,17.592200084781688,17.592200084781688,21.37694993961908,13.807450229944292,Elem In-Person / HS Hybrid
Norman County East School District,2020-08-20,8578,3,57,"56510, 56516, 56540, 56541, 56545, 56557, 56584",47,10,22,11.657729074376311,25.647003963627885,36.364204813772346,4.432193735217972,Elem In-Person / HS Hybrid
Norman County West School District,2020-08-20,3980,3,31,"56510, 56546, 56548, 56550, 56574, 56581",30,1,13,2.512562814070352,32.663316582914575,50.41929773846587,0,All In-Person
North Branch Public Schools,2020-08-20,41600,0,175,"55012, 55013, 55032, 55045, 55056, 55079, 55084",144,31,31,7.4519230769230775,7.4519230769230775,10.075196670948761,4.828649482897394,All In-Person
North Iowa Community School District,2020-08-20,680,0,10,56027,10,0,0,0,0,0,0,All In-Person
North Kossuth Community School District,2020-08-20,680,0,10,56027,10,0,0,0,0,0,0,All In-Person
North St. Paul-Maplewood-Oakdale School District,2020-08-20,250490,0,3923,"55042, 55106, 55109, 55110, 55115, 55119, 55125, 55128",3312,611,611,24.392191305042118,24.392191305042118,26.32632407719623,22.458058532888,All Hybrid
Northfield Public School District,2020-08-20,93150,3,1323,"55018, 55019, 55021, 55024, 55046, 55053, 55057, 55065, 55088",1200,123,135,13.20450885668277,14.492753623188406,16.93753538118085,10.870912340036236,Elem In-Person / HS Hybrid
Northland Community Schools,2020-08-20,17590,6,68,"55785, 56448, 56452, 56474, 56484, 56626, 56636, 56641, 56655, 56662, 56672",52,16,40,9.09607731665719,22.740193291642978,29.787452204582177,4.638999431495168,All In-Person
NRHEG School District,2020-08-20,51076,2,534,"55060, 55917, 56009, 56016, 56026, 56035, 56042, 56045, 56072, 56091, 56093",446,88,96,17.22922703422351,18.7955204009711,22.555407546287906,13.629409159192605,Elem In-Person / HS Hybrid
Ogilvie Public School District,2020-08-20,26140,2,94,"55006, 55017, 55051, 56353, 56358, 56359",69,25,33,9.563886763580719,12.62433052792655,16.931653705896913,5.814843152257077,All In-Person
Onamia Public School District,2020-08-20,39570,3,170,"56338, 56358, 56359, 56364, 56386, 56401, 56450",143,27,39,6.823351023502654,9.855951478392722,12.949253494278711,4.249568170708871,All In-Person
Orono Public School District,2020-08-20,66110,0,635,"55331, 55340, 55356, 55359, 55364, 55391",576,59,59,8.924519739827561,8.924519739827561,11.201791811499392,6.64724766815573,All In-Person
Ortonville Public Schools,2020-08-20,7080,2,22,"56212, 56221, 56225, 56227, 56256, 56257, 56276, 56278",14,8,16,11.299435028248588,22.598870056497177,33.672316384180796,3.469326038838231,Elem In-Person / HS Hybrid
Osakis Public School District,2020-08-20,43378,1,527,"56308, 56319, 56347, 56355, 56360, 56378, 56385, 56389",507,20,24,4.610632117663331,5.532758541195998,7.746322972868749,2.589933498132884,All In-Person
Osseo Public School District,2020-08-20,271870,0,5361,"55311, 55340, 55369, 55374, 55428, 55429, 55430, 55442, 55443, 55444, 55445, 55446",4760,601,601,22.10615367638945,22.10615367638945,23.873542157455933,20.338765195322964,All Hybrid
Owatonna Public School District,2020-08-20,49859,1,527,"55049, 55060, 55917, 55924, 55985, 56026, 56046, 56093",440,87,91,17.449206763071864,18.25146914298321,22.00148585967872,13.782534157513371,Elem In-Person / HS Hybrid
Park Rapids Public School District,2020-08-20,35750,2,140,"56458, 56461, 56464, 56467, 56470, 56501, 56570, 56575, 56678",120,20,28,5.594405594405594,7.832167832167832,10.733243395628866,3.1425492386575735,All In-Person
Park Rapids Public School District in Pine Point (9-12),2020-08-20,560,0,0,56575,0,0,0,0,0,0,0,All In-Person
Parkers Prairie Public School District,2020-08-20,11160,5,39,"56315, 56326, 56332, 56354, 56361, 56437, 56446, 56524, 56588",30,9,29,8.064516129032258,25.985663082437274,35.443479410379595,2.795698924731183,All In-Person
Paynesville Public School District,2020-08-20,24710,2,165,"55329, 56243, 56273, 56307, 56312, 56362, 56368, 56371, 56376",141,24,32,9.71266693646297,12.950222581950628,17.437245782681124,5.826790857260195,All In-Person
Pelican Rapids Public School District,2020-08-20,52930,2,317,"56501, 56514, 56528, 56533, 56534, 56537, 56549, 56554, 56572, 56579, 56587",288,29,37,5.478934441715474,6.990364632533535,9.242814010841585,3.4848057770671406,All In-Person
Pequot Lakes Public Schools,2020-08-20,21251,1,87,"56441, 56442, 56447, 56456, 56468, 56472, 56474",72,15,19,7.05849136511223,8.940755729142158,12.961009801580971,3.4864018829389027,All In-Person
Perham-Dent Public School District,2020-08-20,23440,4,50,"56464, 56528, 56544, 56567, 56571, 56573, 56576, 56587",40,10,26,4.266211604095563,11.092150170648464,15.355835429454718,1.6219862568557921,All In-Person
Pierz Public School District,2020-08-20,35590,1,149,"56329, 56338, 56345, 56364, 56367, 56373",128,21,25,5.900533857825232,7.024445068839562,9.77802753582467,3.3768338403727323,All In-Person
Pillager Public School District,2020-08-20,44690,2,202,"56401, 56443, 56466, 56468, 56472, 56473",171,31,39,6.936674871335869,8.726784515551577,11.465696146086566,4.4947822440933445,All In-Person
Pine City Public School District,2020-08-20,27491,3,86,"55007, 55030, 55036, 55037, 55051, 55063, 55069",67,19,31,6.911352806372995,11.276417736713835,15.24601438694367,3.803629577192637,All In-Person
Pine Island Public School District,2020-08-20,76660,1,962,"55901, 55920, 55956, 55960, 55963, 55985, 55992",865,97,101,12.653274197756325,13.175058700756587,15.744554685285278,10.13517332487342,Elem In-Person / HS Hybrid
Pine Point Public School District,2020-08-20,560,0,0,56575,0,0,0,0,0,0,0,All In-Person
Pine River-Backus Public School District,2020-08-20,30810,5,98,"56435, 56442, 56447, 56448, 56452, 56466, 56472, 56474, 56477, 56479, 56481, 56655",83,15,35,4.868549172346641,11.359948068808828,15.123504178797546,2.4047233500270893,All In-Person
Pipestone Area School District,2020-08-20,18184,4,262,"56116, 56128, 56134, 56139, 56140, 56144, 56149, 56151, 56156, 56164, 56170, 56177, 56186",225,37,53,20.347558293004838,29.146502419709638,36.9935192383358,13.79112705709167,All Hybrid
Plainview-Elgin-Millville,2020-08-20,45660,3,307,"55041, 55906, 55910, 55929, 55932, 55934, 55945, 55957, 55964, 55972, 55991",271,36,48,7.884362680683311,10.512483574244415,13.486482332750766,5.3088042049934305,All In-Person
Princeton Public School District,2020-08-20,87680,2,461,"55008, 55017, 55308, 55309, 55319, 55371, 55398, 56353, 56357",377,84,92,9.58029197080292,10.492700729927009,12.636822487612438,7.5315126911237575,All In-Person
Prinsburg Public School District,2020-08-20,4030,0,39,"56281, 56282, 56284",22,17,17,42.183622828784124,42.183622828784124,62.236444233773234,22.130801423795003,Elem Hybrid / HS Distance
Prior Lake-Savage Area Schools,2020-08-20,166840,0,2080,"55044, 55352, 55372, 55378, 55379",1710,370,370,22.176935986573962,22.176935986573962,24.43666703193933,19.917204941208595,All Hybrid
Proctor Public School District,2020-08-20,78270,0,406,"55720, 55779, 55803, 55807, 55808, 55810, 55811",249,157,157,20.058770921170307,20.058770921170307,23.19646475135271,16.921077090987904,All Hybrid
Randolph Public School District,2020-08-20,65820,2,467,"55009, 55018, 55024, 55031, 55057, 55065",397,70,78,10.635065329687025,11.850501367365542,14.4804392734735,8.143643798227306,Elem In-Person / HS Hybrid
Red Lake County Central Public Schools,2020-08-20,17440,2,115,"56535, 56646, 56684, 56701, 56715, 56742, 56748, 56750",107,8,16,4.587155963302752,9.174311926605505,13.669724770642201,1.4084190570513002,All In-Person
Red Lake Falls Public School District,2020-08-20,11560,2,69,"56715, 56716, 56736, 56750, 56754",65,4,12,3.460207612456747,10.380622837370243,16.254013119091695,0.06920415224913501,All In-Person
Red Lake Public School District,2020-08-20,11785,6,52,"56630, 56644, 56650, 56652, 56666, 56667, 56670, 56671, 56676, 56727",27,25,49,21.21340687314383,41.5782774713619,53.220195163343234,12.897751378871448,All Hybrid
Red Rock Central School District,2020-08-20,18887,6,236,"56019, 56083, 56087, 56101, 56118, 56137, 56145, 56152, 56159, 56166, 56174, 56180, 56183, 56224",206,30,54,15.883941335310002,28.591094403558003,36.21697447321707,10.19994592730383,Elem In-Person / HS Hybrid
Red Wing Public School District,2020-08-20,64820,0,410,"55009, 55027, 55033, 55041, 55066, 55089",303,107,107,16.50725084850355,16.50725084850355,19.63505054740291,13.379451149604186,Elem In-Person / HS Hybrid
Redwood Area School District,2020-08-20,18750,4,72,"55310, 55333, 56214, 56224, 56230, 56237, 56266, 56270, 56277, 56283, 56284, 56292, 56293",58,14,30,7.466666666666667,16,21.725526467787336,3.5553874783589734,All In-Person
Renville County West School District,2020-08-20,19430,3,97,"56216, 56230, 56241, 56260, 56277, 56281, 56282, 56283, 56284, 56285",75,22,34,11.32269686052496,17.498713329902213,23.38068230257169,6.59124298031193,Elem In-Person / HS Hybrid
Richfield Public School District,2020-08-20,113920,1,1805,"55410, 55417, 55420, 55423, 55435, 55450",1585,220,224,19.31179775280899,19.662921348314608,22.23793837011128,16.759875520592086,Elem In-Person / HS Hybrid
Robbinsdale Public School District,2020-08-20,227870,0,4940,"55411, 55422, 55427, 55428, 55429, 55430, 55441, 55442, 55446, 55447",4415,525,525,23.039452319304864,23.039452319304864,25.010279624810956,21.06862501379878,All Hybrid
Rochester Public School District,2020-08-20,151171,4,1891,"55901, 55902, 55904, 55905, 55906, 55920, 55932, 55934, 55956, 55957, 55960, 55963, 55976, 55991",1700,191,207,12.634698454068571,13.693102513048137,15.558505887840843,10.84283765247785,Elem In-Person / HS Hybrid
Rockford Public School District,2020-08-20,90440,0,710,"55311, 55313, 55328, 55340, 55357, 55359, 55373",620,90,90,9.951348960636887,9.951348960636887,12.007318956411993,7.895378964861779,All In-Person
Rocori Public School District,2020-08-20,61899,0,1407,"55353, 55389, 56301, 56310, 56320, 56362, 56368, 56369, 56374",1329,78,78,12.601172878398682,12.601172878398682,15.397704534484012,9.804641222313352,Elem In-Person / HS Hybrid
Roseau Public School District,2020-08-20,14608,4,53,"56714, 56724, 56726, 56751, 56756, 56759, 56761, 56763",40,13,29,8.899233296823658,19.85213581599124,27.07757600081026,4.061554969941526,All In-Person
Rosemount-Apple Valley-Eagan,2020-08-20,366280,0,4475,"55024, 55033, 55044, 55068, 55077, 55118, 55120, 55121, 55122, 55123, 55124, 55306, 55337",3712,763,763,20.8310582068363,20.8310582068363,22.309162691994594,19.35295372167801,All Hybrid
Roseville Public School District,2020-08-20,206630,0,3326,"55108, 55109, 55112, 55113, 55117, 55126, 55127",2941,385,385,18.632337995450804,18.632337995450804,20.493538066393224,16.771137924508388,Elem In-Person / HS Hybrid
Rothsay Public School District,2020-08-20,28140,4,177,"56514, 56533, 56537, 56543, 56553, 56572, 56579, 56594",156,21,37,7.462686567164179,13.148542999289267,17.385293020392503,4.270842799533246,All In-Person
Round Lake-Brewster Public Schools,2020-08-20,18650,0,1712,"56119, 56131, 56161, 56167, 56187",1674,38,38,20.37533512064343,20.37533512064343,26.85375412644461,13.896916114842258,All Hybrid
Royalton Public School District,2020-08-20,35290,1,149,"56314, 56329, 56345, 56364, 56367, 56373",128,21,25,5.950694247662227,7.084159818645508,9.861150467554548,3.4055402771001857,All In-Person
RTR Public Schools,2020-08-20,21720,5,432,"56113, 56115, 56139, 56142, 56149, 56157, 56169, 56170, 56178, 56186, 56258",412,20,40,9.208103130755065,18.41620626151013,24.123447710801127,5.1724740000924605,All In-Person
Rush City Public School District,2020-08-20,21300,0,58,"55006, 55032, 55063, 55069, 55080",40,18,18,8.450704225352114,8.450704225352114,12.354730397536994,4.5466780531672315,All In-Person
Rushford-Peterson Public Schools,2020-08-20,14570,5,49,"55943, 55949, 55952, 55954, 55962, 55971, 55974, 55979",29,20,40,13.726835964310226,27.45367192862045,35.96165300470834,7.710784851201664,Elem In-Person / HS Hybrid
Sartell-St. Stephen School District,2020-08-20,57170,0,904,"56303, 56367, 56374, 56375, 56377",855,49,49,8.570928808815813,8.570928808815813,10.970788875284239,6.171068742347385,All In-Person
Sauk Centre Public School District,2020-08-20,22048,0,309,"56312, 56316, 56336, 56352, 56360, 56378, 56385, 56389",287,22,22,9.978229317851959,9.978229317851959,14.14786596936408,5.808592666339839,All In-Person
Sauk Rapids-Rice Public Schools,2020-08-20,86620,0,1483,"56303, 56304, 56329, 56367, 56373, 56377, 56379",1404,79,79,9.12029554375433,9.12029554375433,11.131477840907245,7.109113246601414,All In-Person
Sebeka Public School District,2020-08-20,21470,1,49,"56464, 56477, 56479, 56481, 56482, 56567",39,10,14,4.657661853749418,6.520726595249185,9.936492071763821,1.7708131281182937,All In-Person
Shakopee Public School District,2020-08-20,119970,0,1622,"55315, 55352, 55372, 55378, 55379",1333,289,289,24.089355672251397,24.089355672251397,26.86671667916979,21.311994665333,All Hybrid
Sibley-Ocheyedan Community School District,2020-08-20,910,0,18,56168,16,2,2,21.978021978021978,21.978021978021978,52.43800639836556,0,All Hybrid
Sibley East School District,2020-08-20,55810,1,388,"55307, 55334, 55338, 55339, 55396, 56011, 56044, 56054, 56058, 56073, 56074, 56082",309,79,83,14.155169324493817,14.871886758645402,18.07139398228325,11.033710614954568,Elem In-Person / HS Hybrid
Sisseton School District 54-2,2020-08-20,530,1,2,56219,0,2,6,37.735849056603776,113.2075471698113,203.79245086518924,0,Elem Hybrid / HS Distance
Sleepy Eye Public School District,2020-08-20,32470,2,308,"56019, 56041, 56073, 56081, 56085, 56087, 56266",271,37,45,11.395133969818293,13.858946720049275,17.90824752315946,7.723370939518169,Elem In-Person / HS Hybrid
South Koochiching School District,2020-08-20,13439,2,86,"56623, 56627, 56629, 56639, 56649, 56653, 56654, 56658, 56660, 56661",75,11,19,8.185132822382618,14.13795669320634,20.49515732520256,3.3480284328472476,All In-Person
South St. Paul Public School District,2020-08-20,68100,0,1099,"55075, 55076, 55118",929,170,170,24.963289280469898,24.963289280469898,28.715899181849394,21.2106793790904,All Hybrid
South Washington County School District,2020-08-20,181470,0,2264,"55001, 55016, 55033, 55055, 55071, 55119, 55125, 55129",1897,367,367,20.223728439962528,20.223728439962528,22.292841701598572,18.154615178326484,All Hybrid
Southland Public School District,2020-08-20,33760,4,1096,"55909, 55912, 55918, 55926, 55933, 55936, 55970, 55973, 55977",1049,47,63,13.921800947867299,18.661137440758292,23.269258800076955,9.941622329151052,Elem In-Person / HS Hybrid
Spring Grove School District,2020-08-20,10620,3,21,"55921, 55931, 55943, 55954, 55974",10,11,23,10.357815442561206,21.657250470809792,30.508314299145884,4.236737675050297,Elem In-Person / HS Hybrid
Spring Lake Park Public Schools,2020-08-20,140180,0,1934,"55014, 55432, 55434, 55448, 55449",1629,305,305,21.757740048509056,21.757740048509056,24.199595407710305,19.315884689307815,All Hybrid
Springfield Public School District,2020-08-20,11200,3,52,"56019, 56083, 56085, 56087, 56224, 56266",41,11,23,9.821428571428573,20.535714285714285,28.928419451511544,4.017335188306622,All In-Person
St. Anthony-New Brighton Schools,2020-08-20,107890,0,2168,"55112, 55413, 55418, 55421",1912,256,256,23.72787097970155,23.72787097970155,26.63453517471499,20.82120678468811,All Hybrid
St. Charles Public School District,2020-08-20,19140,3,85,"55910, 55923, 55929, 55949, 55964, 55972, 55979",71,14,26,7.3145245559038665,13.584117032392895,18.80568351444193,3.4829422789566746,All In-Person
St. Clair Public School District,2020-08-20,47905,1,972,"56001, 56024, 56037, 56048, 56065, 56078, 56080",846,126,130,26.30205615280242,27.137042062415194,31.801991093193426,21.70943629386687,All Hybrid
St. Cloud Public School District,2020-08-20,148880,1,3194,"55308, 55319, 55320, 55353, 55382, 56301, 56303, 56304, 56310, 56320, 56321, 56374, 56377, 56379, 56387",3043,151,155,10.142396560988715,10.411069317571197,12.050094251212917,8.524658568928585,Elem In-Person / HS Hybrid
St. Francis Public School District,2020-08-20,191430,0,1543,"55005, 55011, 55040, 55070, 55092, 55303, 55304, 55330, 55398",1270,273,273,14.261087603823853,14.261087603823853,15.952803365096498,12.569371842551206,Elem In-Person / HS Hybrid
St. James Public School District,2020-08-20,19515,5,451,"56019, 56041, 56056, 56060, 56062, 56081, 56085, 56088, 56120, 56160, 56162",346,105,125,53.80476556495004,64.05329233922623,75.28232958211527,43.5131829355466,All Distance
St. Louis-Northland in Nett Lake (7-12),2020-08-20,2968,1,13,"55771, 55772, 56639, 56653",8,5,9,16.846361185983827,30.32345013477089,50.13477088948787,2.0798745421172926,Elem In-Person / HS Hybrid
St. Louis County School District,2020-08-20,95800,13,341,"55602, 55702, 55703, 55706, 55710, 55711, 55717, 55719, 55720, 55723, 55724, 55725, 55731, 55732, 55734, 55736, 55738, 55746, 55750, 55751, 55763, 55765, 55766, 55768, 55771, 55772, 55779, 55781, 55782, 55790, 55803, 56639, 56649, 56653, 56669",247,94,146,9.812108559498956,15.24008350730689,17.712188946580934,7.828506780681418,All In-Person
St. Louis Park Public School District,2020-08-20,120310,0,1888,"55305, 55343, 55416, 55424, 55426, 55436",1698,190,190,15.792535948798937,15.792535948798937,18.03812946173193,13.546942435865944,Elem In-Person / HS Hybrid
St. Michael-Albertville School District,2020-08-20,111770,0,927,"55301, 55313, 55330, 55341, 55362, 55376",762,165,165,14.76245862038114,14.76245862038114,17.015000076423338,12.509917164338942,Elem In-Person / HS Hybrid
St. Paul Public School District,2020-08-20,375352,1,7220,"55075, 55101, 55102, 55103, 55104, 55105, 55106, 55107, 55108, 55113, 55114, 55116, 55117, 55118, 55119, 55130, 55155",6290,930,934,24.7767428973337,24.883309533451268,26.479154783151536,23.1843185417062,All Hybrid
St. Peter Public School District,2020-08-20,58020,0,1091,"56001, 56017, 56050, 56058, 56063, 56082",921,170,170,29.300241296104794,29.300241296104794,33.704804106927675,24.89567848528191,All Hybrid
Staples-Motley School District,2020-08-20,21914,4,109,"56434, 56437, 56438, 56440, 56443, 56466, 56473, 56474, 56479, 56481",99,10,26,4.563292872136533,11.864561467554989,16.425152070202543,1.7349346472893932,All In-Person
Stephen-Argyle Central Schools,2020-08-20,5440,3,18,"56710, 56713, 56744, 56757, 56758, 56762",18,0,12,0,22.058823529411764,34.53977787806985,0,All In-Person
Stewartville Public School District,2020-08-20,73130,0,888,"55902, 55904, 55920, 55926, 55936, 55940, 55967, 55975, 55976",781,107,107,14.631478189525502,14.631478189525502,17.40385582500556,11.859100554045444,Elem In-Person / HS Hybrid
Stillwater Area Public School District,2020-08-20,176220,0,1586,"55001, 55003, 55033, 55038, 55042, 55043, 55047, 55073, 55082, 55125, 55129",1238,348,348,19.748042219952332,19.748042219952332,21.82291033299899,17.673174106905677,Elem In-Person / HS Hybrid
Swanville Public School District,2020-08-20,24840,2,389,"56318, 56336, 56345, 56347, 56382, 56475",367,22,30,8.856682769726248,12.077294685990337,16.399099084984403,5.155710592087793,All In-Person
Thief River Falls School District,2020-08-20,16670,4,106,"56701, 56725, 56742, 56748, 56750, 56754",102,4,20,2.399520095980804,11.997600479904019,17.255780726934116,0.047990401919616114,All In-Person
Tracy Area Public School District,2020-08-20,25460,5,432,"56115, 56123, 56132, 56151, 56169, 56170, 56172, 56175, 56180, 56258, 56263",412,20,40,7.855459544383347,15.710919088766694,20.57978335736844,4.412652603378172,All In-Person
Tri-City United School District,2020-08-20,61550,0,1281,"55021, 55046, 56052, 56057, 56058, 56069, 56071, 56096",1147,134,134,21.77091795288383,21.77091795288383,25.457130841505904,18.084705064261765,All Hybrid
Tri-County School District,2020-08-20,6208,5,10,"56726, 56729, 56732, 56733, 56734, 56738, 56757, 56758, 56759",10,0,20,0,32.21649484536082,46.335996249676505,0,All In-Person
Triton School District,2020-08-20,24000,0,159,"55917, 55924, 55927, 55940, 55946, 55955, 55963, 55985",141,18,18,7.5,7.5,10.964823227814083,4.035176772185918,All In-Person
Truman Public School District,2020-08-20,26900,3,554,"56010, 56031, 56039, 56060, 56062, 56081, 56088, 56090, 56098, 56162",452,102,114,37.9182156133829,42.37918215613383,50.158763336052544,30.559468520747334,Elem Hybrid / HS Distance
Ulen-Hitterdal Public School District,2020-08-20,10520,3,72,"56519, 56536, 56549, 56552, 56554, 56569, 56585",69,3,15,2.8517110266159698,14.258555133079849,21.47437961840926,0,All In-Person
Underwood Public School District,2020-08-20,24630,1,90,"56324, 56515, 56528, 56534, 56537, 56586",58,32,36,12.992285830288266,14.6163215590743,19.390986601705237,8.49068845757001,Elem In-Person / HS Hybrid
United South Central School District,2020-08-20,30546,5,379,"56007, 56009, 56014, 56025, 56029, 56032, 56033, 56042, 56051, 56068, 56072, 56097",361,18,38,5.892751915144372,12.440254043082563,16.395682395671837,3.1704394202992874,All In-Person
Upsala Public School District,2020-08-20,30210,3,152,"56307, 56314, 56318, 56331, 56336, 56340, 56345, 56373, 56382, 56384",132,20,32,6.620324395895399,10.59251903343264,14.262639632242655,3.71883930096022,All In-Person
Verndale Public School District,2020-08-20,12884,2,37,"56434, 56453, 56479, 56481, 56482",31,6,14,4.656938838869916,10.866190624029803,16.558249362059083,0.9306116921336322,All In-Person
Virginia Public School District,2020-08-20,22820,3,29,"55703, 55710, 55723, 55732, 55734, 55768, 55790, 55792",16,13,25,5.6967572304995615,10.955302366345311,15.249780893952671,2.5999647239660746,All In-Person
Wabasha-Kellogg Public School District,2020-08-20,13497,1,52,"55041, 55910, 55945, 55968, 55981",39,13,17,9.631770022968066,12.595391568496703,18.582860655116406,4.395880195666135,All In-Person
Wabasso Public School District,2020-08-20,12688,5,29,"56083, 56152, 56180, 56214, 56224, 56255, 56263, 56283, 56287, 56292, 56293, 56294",21,8,28,6.305170239596469,22.068095838587645,30.242232928257565,1.9359101793012827,All In-Person
Waconia Public School District,2020-08-20,105450,0,1130,"55315, 55318, 55322, 55331, 55360, 55364, 55367, 55375, 55386, 55387, 55388, 55397",953,177,177,16.78520625889047,16.78520625889047,19.258046847176306,14.312365670604633,Elem In-Person / HS Hybrid
Wadena-Deer Creek School District,2020-08-20,20680,6,39,"56361, 56453, 56477, 56481, 56482, 56518, 56527, 56551, 56567, 56571",29,10,34,4.835589941972921,16.44100580270793,21.96743990033694,1.838460244714689,All In-Person
Walker-Hackensack-Akeley School District,2020-08-20,25371,7,82,"56433, 56435, 56436, 56452, 56461, 56464, 56467, 56484, 56626, 56633, 56641, 56655, 56672",64,18,46,7.09471443774388,18.130936896456586,23.370528070208316,3.8171235872634908,All In-Person
Warren-Alvarado-Oslo School District,2020-08-20,15590,4,108,"56710, 56713, 56721, 56722, 56744, 56757, 56760, 56762",91,17,33,10.904425914047467,21.16741500962155,28.389572025153647,5.720790874784726,Elem In-Person / HS Hybrid
Warroad Public School District,2020-08-20,15022,4,47,"56623, 56673, 56686, 56711, 56741, 56751, 56756, 56763",36,11,27,7.322593529490081,17.973638663293837,24.753334275399407,2.995217288579028,All In-Person
Waseca Public School District,2020-08-20,23510,0,251,"55052, 56026, 56048, 56072, 56093, 56096",192,59,59,25.095703955763504,25.095703955763504,31.499381397627594,18.692026513899417,All Hybrid
Watertown-Mayer Public School District,2020-08-20,61680,0,516,"55328, 55359, 55360, 55363, 55364, 55367, 55387, 55388, 55390, 55395",430,86,86,13.942931258106356,13.942931258106356,16.889800948633525,10.996061567579188,Elem In-Person / HS Hybrid
Waterville-Elysian-Morristown Public School District,2020-08-20,56560,1,1235,"55021, 55052, 55087, 56017, 56028, 56048, 56052, 56057, 56063, 56093, 56096",1073,162,166,28.642149929278645,29.349363507779348,33.81415019525835,24.23148386841206,All Hybrid
Waubun-Ogema-White Earth Public Schools,2020-08-20,11070,3,74,"56521, 56554, 56557, 56566, 56569, 56575, 56584, 56589, 56591",66,8,20,7.226738934056008,18.066847335140018,25.984992296114882,2.2188643500428795,All In-Person
Wayzata Public School District,2020-08-20,144440,0,1479,"55305, 55311, 55340, 55356, 55391, 55441, 55446, 55447",1299,180,180,12.461921905289394,12.461921905289394,14.282481266643419,10.641362543935369,Elem In-Person / HS Hybrid
West Central Area,2020-08-20,35087,8,164,"56235, 56248, 56267, 56274, 56309, 56311, 56315, 56323, 56324, 56326, 56327, 56339, 56343, 56531, 56537, 56565, 56590",131,33,65,9.405192806452533,18.52537977028529,23.02904927370968,6.196214328037581,All In-Person
West St. Paul-Mendota Heights-Eagan,2020-08-20,130498,1,1839,"55075, 55077, 55118, 55120, 55121, 55122, 55123, 55150",1515,324,328,24.82796671213352,25.134484819690723,27.85461154511936,22.124477003478983,All Hybrid
Westbrook-Walnut Grove Schools,2020-08-20,10136,6,83,"56114, 56123, 56125, 56131, 56152, 56166, 56174, 56175, 56180, 56183, 56255",75,8,32,7.892659826361484,31.570639305445937,42.50930774369087,2.423325607239017,All In-Person
Westonka Public School District,2020-08-20,54550,0,598,"55331, 55359, 55364, 55384, 55391",551,47,47,8.615948670944087,8.615948670944087,11.079208619025856,6.15268872286232,All In-Person
Wheaton Area Public School District,2020-08-20,5514,3,53,"56211, 56221, 56236, 56240, 56248, 56274, 56296, 56590",45,8,20,14.508523757707653,36.27130939426913,52.16791162821758,4.454629734308066,Elem In-Person / HS Hybrid
White Bear Lake School District,2020-08-20,183750,0,2432,"55038, 55109, 55110, 55115, 55117, 55126, 55127",2073,359,359,19.537414965986397,19.537414965986397,21.558459800279344,17.516370131693442,Elem In-Person / HS Hybrid
Willmar Public School District,2020-08-20,36150,1,718,"56201, 56209, 56216, 56251, 56252, 56253, 56279, 56282, 56288",664,54,58,14.937759336099585,16.044260027662517,20.173420549790666,10.95352705738172,Elem In-Person / HS Hybrid
Willow River Public School District,2020-08-20,6900,4,95,"55704, 55712, 55735, 55756, 55783, 55795, 56350",93,2,18,2.898550724637681,26.086956521739133,38.138515575005506,0,All In-Person
Wilmot School District 54-7,2020-08-20,530,1,2,56219,0,2,6,37.735849056603776,113.2075471698113,203.79245086518924,0,Elem Hybrid / HS Distance
Win-E-Mac School District,2020-08-20,10400,3,59,"56535, 56540, 56542, 56556, 56592, 56684, 56715, 56736, 56750",49,10,22,9.615384615384617,21.153846153846153,29.99347585505185,3.655707486605747,All In-Person
Windom Public School District,2020-08-20,14590,2,233,"56101, 56118, 56137, 56143, 56145, 56159, 56174",211,22,30,15.078821110349555,20.5620287868403,27.920056289994005,8.777782803801287,Elem In-Person / HS Hybrid
Winona Area Public School District,2020-08-20,46440,2,320,"55910, 55925, 55943, 55947, 55952, 55959, 55969, 55971, 55987",266,54,62,11.627906976744185,13.350559862187769,16.673784546309893,8.526485855390808,Elem In-Person / HS Hybrid
Worthington Public School District,2020-08-20,19870,0,1743,"56117, 56119, 56131, 56165, 56168, 56185, 56187",1701,42,42,21.137393054856567,21.137393054856567,27.530071348203023,14.744714761510114,All Hybrid
Wrenshall Public School District,2020-08-20,7690,3,20,"55707, 55718, 55749, 55797",19,1,13,1.3003901170351104,16.90507152145644,26.094773081806782,0,All In-Person
Yellow Medicine East,2020-08-20,21230,3,181,"56214, 56218, 56223, 56229, 56237, 56241, 56245, 56260, 56264, 56265, 56285, 56292, 56297",157,24,36,11.304757418747057,16.957136128120585,22.49646726330664,6.781912486241141,Elem In-Person / HS Hybrid
Zumbrota-Mazeppa School District,2020-08-20,26440,2,128,"55027, 55041, 55956, 55960, 55963, 55991, 55992",106,22,30,8.32072617246596,11.346444780635402,15.406717899811365,4.843716002551466,All In-Person
